process_condition,quality_pass_rate,mean_quality_score,mean_quality_gain,mean_glycan_maturity,mean_galactosylation,mean_sialylation,mean_mannose_risk,mean_aggregation_propensity,mean_quality_consistency,n_pairs
stress_minimized,0.679,0.2279909679820637,0.22799096798206367,0.7942054076524472,0.6622455535702031,0.6129404098327101,0.26781410830958013,0.39001085653110273,0.74822478053727,1000
mild_temp_shift,0.66,0.21358466605253093,0.2135846660525309,0.7942054076524472,0.6702507882292728,0.6129404098327101,0.27787419282482106,0.400666490637774,0.7385730810048782,1000
perfusion_like,0.647,0.1856261382092261,0.18562613820922608,0.784828564476377,0.6622455535702031,0.6037746139339397,0.26781410830958013,0.4113599954061415,0.7287723210631344,1000
adaptive_perfusion,0.631,0.17613229534867775,0.17613229534867772,0.784828564476377,0.6702507882292728,0.6037746139339397,0.27787419282482106,0.42206246876634756,0.7287723210631344,1000
balanced_feed,0.614,0.17248999640426313,0.1724899964042631,0.7836203725630329,0.6850645031799296,0.6116068338969707,0.2896109666024064,0.43441830667972636,0.7277497047508283,1000
nutrient_limited,0.616,0.1090085327535128,0.10900853275351277,0.7655745374981981,0.6376636350152504,0.5850443092554102,0.27787419282482106,0.4113599954061415,0.7188366704934366,1000
baseline,0.515,2.9948266089263597e-17,0.0,0.7457935386518301,0.6461059331757074,0.5945419183992098,0.3190426878175659,0.4652166364495858,0.6882591730408437,1000
rich_media,0.457,-0.05826306477019091,-0.05826306477019094,0.7481493087020775,0.6719523055702681,0.5862620497533557,0.3508446466957636,0.5182563143509122,0.6597755766935328,1000
