metric,lower_bound,upper_bound,mean,std,min,max,inside_reference_pct,calibration_score
late_productivity_proxy,0.0,10.0,3.7270494386207687e-07,7.524081789076598e-07,2.498445397719584e-08,5.537450196275659e-06,1.0,100.0
predicted_late_aggregation,1.0,15.0,6.439488028994847,2.380712206171575,2.6095948923090084,11.341511379110129,1.0,100.0
mannose_retention_risk,0.05,0.6,0.14198091802304438,0.14094663757822792,0.0,0.5300465967815003,0.6304347826086957,63.04347826086957
galactosylation_level,0.2,0.8,0.7057083227011619,0.18627532010760775,0.250485137861088,1.0,0.6630434782608695,66.30434782608695
sialylation_capacity,0.05,0.7,0.6605189973550128,0.2044296506717155,0.2880116664604297,1.0,0.5760869565217391,57.608695652173914
stability_drop,0.0,0.7,0.3609520743084242,0.06655212554202458,0.2425305150518889,0.6249193287615783,1.0,100.0
quality_consistency,0.5,1.0,0.8079161892972684,0.16176162223971235,0.5094988305765447,1.0,1.0,100.0
aggregation_propensity,0.0,0.7,0.2741769927874429,0.18241182660236338,0.0,0.6859188982219561,1.0,100.0
