regime_name,adaptive_feed,mild_temp_shift,no_action,perfusion_rescue,stress_mitigation
Adaptive_Quality,0.2401782098015391,0.1923855812069664,0.13163223977318753,0.26285945727014987,0.17294451194815716
Burdened_LowQuality,0.11540880503144654,0.14025157232704402,0.1430817610062893,0.42641509433962266,0.17484276729559747
Productive_Rescued,0.49197592778335003,0.21163490471414242,0.17853560682046138,0.03259779338014042,0.08525576730190572
Stress_HighRisk,0.01098901098901099,0.2119309262166405,0.03139717425431711,0.7346938775510204,0.01098901098901099
