process_condition,rescued_pair_rate,mean_score_gain,median_score_gain,mean_interaction_gain,mean_interaction_risk,n_pairs
stress_minimized,0.1337386018237082,0.9652757904173287,0.9645119035746048,0.07544077290631282,0.36984116956953067,329
perfusion_rescue,0.0364741641337386,0.6172943857423837,0.600819687875672,0.2715867824627261,0.4226756223651779,329
hypothermic_shift,0.00911854103343465,0.41944546858465137,0.4147746005899905,0.15088154581262564,0.4332425129243074,329
adaptive_perfusion,0.00303951367781155,0.14106581970910337,0.11343012305317168,0.37720386453156407,0.4490928487630016,329
high_feed_balanced,0.00303951367781155,-0.2845615508824917,-0.30542444012949077,0.3319394007877764,0.5019273015586487,329
